ID,Epitope,PP1,PP2,PP3,KF1,Z1,F1,T1,VHSE1,ProtFP1,ST1,BLOSUM1,MSWHIM1,Class
LDRLFNKKKELGQDK,E-10004,0.220666667,-0.172666667,0.055333333,-0.175333333,0.902666667,NA,-3.556,-0.412,-2.104,-0.693933333,0.516666667,-0.208666667,Negative
LKLDRLFNKKKELGQ,E-10004,0.094,-0.111333333,0.106,-0.283333333,0.352,NA,-3.538,-0.244666667,-1.279333333,-0.688533333,0.319333333,-0.265333333,Negative
NKYKLKLDRLFNKKK,E-10004,0.253333333,0.012666667,0.302,-0.060666667,0.516,NA,-2.651333333,-0.360666667,-1.461333333,-0.530333333,0.362,-0.225333333,Negative
RLFNKKKELGQDKMQ,E-10004,0.211333333,-0.133333333,0.107333333,-0.269333333,0.849333333,NA,-3.426,-0.422666667,-1.97,-0.668733333,0.516,-0.193333333,Negative
YKLKLDRLFNKKKEL,E-10004,0.161333333,0.01,0.152,-0.28,0.082,NA,-2.664666667,-0.204666667,-0.759333333,-0.534533333,0.19,-0.234,Negative
AVPAHIWDRLMLFGA,E-10008,-0.496666667,-0.197333333,-0.014666667,-0.375333333,-1.026,NA,-4.348,0.413333333,1.552666667,-0.811266667,-0.288,-0.302,Negative
HIWDRLMLFGATLDD,E-10008,-0.148,-0.2,-0.166666667,-0.23,-0.479333333,NA,-3.711333333,0.242666667,0.854,-0.7056,-0.156666667,-0.182666667,Negative
MLFGATLDDQAFCCS,E-10008,-0.308666667,-0.396666667,-0.111333333,-0.237333333,-0.186,NA,-5.406666667,0.197333333,0.65,-0.9842,-0.196666667,-0.307333333,Negative
PAHIWDRLMLFGATL,E-10008,-0.399333333,-0.158666667,-0.017333333,-0.274,-1.104666667,NA,-4.039333333,0.420666667,1.474,-0.758066667,-0.299333333,-0.274666667,Negative
RLMLFGATLDDQAFC,E-10008,-0.306,-0.266666667,-0.112,-0.354,-0.452,NA,-4.697333333,0.222666667,0.844666667,-0.8686,-0.207333333,-0.274,Negative
WDRLMLFGATLDDQA,E-10008,-0.142,-0.26,-0.184,-0.289333333,-0.252,NA,-4.168,0.132666667,0.134,-0.785866667,-0.029333333,-0.206666667,Negative
GDRPVQIGSHFHFFE,E-10038,-0.119333333,-0.238666667,-0.081333333,0.116666667,0.199333333,NA,-3.659333333,0.008,-0.4,-0.717466667,0.169333333,0.042,Negative
NVGDRPVQIGSHFHF,E-10038,-0.137333333,-0.301333333,0.015333333,0.254,0.304,NA,-4.189333333,-0.03,-0.5,-0.809,0.204,-0.082,Negative
RPVQIGSHFHFFEVN,E-10038,-0.139333333,-0.179333333,-0.055333333,0.007333333,-0.172,NA,-3.341333333,0.082666667,0.431333333,-0.6688,0.034666667,-0.002,Negative
VKNVGDRPVQIGSHF,E-10038,-0.152,-0.348,0.086666667,0.223333333,0.400666667,NA,-4.718666667,-0.13,-0.958666667,-0.901866667,0.264666667,-0.289333333,Negative
VKVKNVGDRPVQIGS,E-10038,-0.166666667,-0.394666667,0.158,0.192666667,0.497333333,NA,-5.248,-0.23,-1.417333333,-0.994733333,0.325333333,-0.496666667,Negative
ALVDRQADNESKKIA,E-10039,0.082,-0.394,0.038666667,-0.430666667,1.088,NA,-4.944666667,-0.404666667,-1.827333333,-0.9202,0.503333333,-0.398666667,Negative
FGFNALVDRQADNES,E-10039,0.011333333,-0.394,-0.146666667,-0.087333333,0.803333333,NA,-4.658666667,-0.22,-1.398,-0.881866667,0.384666667,-0.131333333,Negative
FNALVDRQADNESKK,E-10039,0.206666667,-0.346,-0.007333333,-0.216,1.253333333,NA,-4.329333333,-0.464,-2.134,-0.824866667,0.588,-0.229333333,Negative
RQADNESKKIALHRA,E-10039,0.18,-0.271333333,0.205333333,-0.432666667,1.394666667,NA,-4.295333333,-0.505333333,-1.897333333,-0.803133333,0.590666667,-0.298,Negative
VDRQADNESKKIALH,E-10039,0.190666667,-0.350666667,0.042666667,-0.354,1.236666667,NA,-4.404666667,-0.443333333,-1.809333333,-0.831733333,0.546,-0.294,Negative
DKSDRYIPYSPLSPK,E-10069,0.105333333,-0.252666667,0.111333333,0.686666667,0.333333333,NA,-3.758,-0.240666667,-2.169333333,-0.7368,0.426666667,-0.294666667,Positive
NLPNDKSDRYIPYSP,E-10069,0.147333333,-0.280666667,0.009333333,0.807333333,0.428,NA,-3.705333333,-0.25,-2.182666667,-0.732066667,0.496,-0.188666667,Positive
PNDKSDRYIPYSPLS,E-10069,0.12,-0.297333333,0.046,0.785333333,0.384,NA,-3.893333333,-0.228666667,-2.162,-0.7624,0.451333333,-0.251333333,Positive
RYIPYSPLSPKVLDN,E-10069,-0.100666667,-0.21,0.049333333,0.574,-0.498666667,NA,-3.770666667,0.034,-0.696666667,-0.743,0.122666667,-0.321333333,Positive
SDRYIPYSPLSPKVL,E-10069,-0.128,-0.226666667,0.086,0.552,-0.542666667,NA,-3.958666667,0.055333333,-0.676,-0.773333333,0.078,-0.384,Positive
ANLAIELDSATDVGR,E-10079,-0.142,-0.494666667,-0.028,-0.308666667,0.567333333,NA,-5.796666667,-0.13,-1.028,-1.0576,0.254,-0.459333333,Negative
IELDSATDVGRACAG,E-10079,-0.232,-0.556666667,0.032,-0.21,0.842,NA,-6.394,-0.156,-1.158666667,-1.151333333,0.232,-0.484,Negative
LAIELDSATDVGRAC,E-10079,-0.233333333,-0.488,-0.016666667,-0.376666667,0.42,NA,-5.978666667,-0.052,-0.394666667,-1.083466667,0.081333333,-0.512666667,Negative
LDSATDVGRACAGCR,E-10079,-0.215333333,-0.506666667,0.188666667,-0.042,1.184666667,NA,-6.383333333,-0.248,-1.135333333,-1.146066667,0.226,-0.498,Negative
SATDVGRACAGCRVT,E-10079,-0.262,-0.520666667,0.286666667,-0.043333333,1.082,-0.318266667,-6.570666667,-0.234,-0.876,-1.1768,0.154,-0.561333333,Negative
TDVGRACAGCRVTPG,E-10079,-0.338,-0.508666667,0.256,0.241333333,0.932666667,NA,-6.515333333,-0.198,-1.199333333,-1.176666667,0.208,-0.508666667,Negative
DASDSDAKSYADLKH,E-10086,0.242,-0.517333333,0.038,-0.045333333,1.602666667,NA,-5.116,-0.464,-2.757333333,-0.9376,0.627333333,-0.273333333,Negative
PADASDSDAKSYADL,E-10086,0.039333333,-0.594,-0.037333333,0.038,1.190666667,-0.4076,-5.824,-0.332666667,-2.697333333,-1.0624,0.567333333,-0.372666667,Negative
SDAKSYADLKHRVRN,E-10086,0.24,-0.276,0.236666667,-0.016666667,1.396666667,NA,-4.061333333,-0.487333333,-1.926,-0.766266667,0.519333333,-0.272666667,Negative
SDSDAKSYADLKHRV,E-10086,0.226,-0.394,0.140666667,-0.014666667,1.383333333,NA,-4.574666667,-0.444666667,-2.16,-0.853133333,0.510666667,-0.313333333,Negative
SPPADASDSDAKSYA,E-10086,0.006,-0.618,0.078666667,0.26,1.259333333,NA,-6.058666667,-0.376666667,-3.2,-1.106333333,0.672666667,-0.412666667,Negative
AILIGDSEIAKTTLL,E-10103,-0.304666667,-0.400666667,0.011333333,-0.456666667,-0.580666667,NA,-5.624666667,0.209333333,0.39,-1.019066667,-0.147333333,-0.589333333,Negative
DKAILIGDSEIAKTT,E-10103,-0.078,-0.457333333,0.043333333,-0.302,0.408,NA,-5.523333333,-0.126666667,-1.151333333,-1.003,0.22,-0.517333333,Negative
GDSEIAKTTLLKILA,E-10103,-0.202,-0.390666667,0.09,-0.430666667,-0.168666667,NA,-5.514,0.046666667,-0.381333333,-1.000333333,0.026,-0.562666667,Negative
LIGDSEIAKTTLLKI,E-10103,-0.200666667,-0.343333333,0.057333333,-0.375333333,-0.444,NA,-5.19,0.121333333,0.064,-0.9492,-0.076666667,-0.574666667,Negative
SEIAKTTLLKILAGE,E-10103,-0.206,-0.367333333,0.090666667,-0.566,-0.226666667,NA,-5.406,0.044666667,-0.280666667,-0.9818,0.021333333,-0.554,Negative
EQVQHDSEIIARLTD,E-10104,0.198666667,-0.377333333,-0.191333333,-0.44,0.826666667,NA,-4.227333333,-0.312,-1.11,-0.811,0.374666667,-0.25,Negative
HDSEIIARLTDKKMK,E-10104,0.164,-0.250666667,0.129333333,-0.392666667,0.826666667,NA,-4.024,-0.322666667,-1.236666667,-0.752266667,0.37,-0.388,Negative
LSEQVQHDSEIIARL,E-10104,0.072666667,-0.328,-0.127333333,-0.511333333,0.385333333,NA,-4.307333333,-0.166666667,-0.456666667,-0.8244,0.220666667,-0.321333333,Negative
SEIIARLTDKKMKDL,E-10104,0.059333333,-0.241333333,0.088666667,-0.434666667,0.376666667,NA,-4.248666667,-0.203333333,-0.864,-0.792333333,0.228,-0.493333333,Negative
VQHDSEIIARLTDKK,E-10104,0.164,-0.308,0.033333333,-0.357333333,0.808,NA,-4.170666667,-0.325333333,-1.172,-0.792133333,0.355333333,-0.354,Negative
EDSFKLLNSEQKNTL,E-10114,0.278,-0.328,-0.074,-0.176,0.74,NA,-4.108666667,-0.324666667,-1.84,-0.790333333,0.461333333,-0.232666667,Negative
EYIIEDSFKLLNSEQ,E-10114,0.174666667,-0.270666667,-0.254,-0.279333333,0.138666667,NA,-3.568,-0.117333333,-0.686,-0.6978,0.194,-0.160666667,Negative
IIEDSFKLLNSEQKN,E-10114,0.186,-0.294,-0.106666667,-0.221333333,0.456666667,NA,-3.985333333,-0.223333333,-1.213333333,-0.7692,0.348,-0.266,Negative
SFKLLNSEQKNTLLK,E-10114,0.128666667,-0.224,0.109333333,-0.21,0.134666667,NA,-4.061333333,-0.156666667,-1.008,-0.7766,0.241333333,-0.339333333,Negative
SNEYIIEDSFKLLNS,E-10114,0.142,-0.307333333,-0.123333333,-0.021333333,0.177333333,NA,-3.97,-0.085333333,-0.712666667,-0.760466667,0.179333333,-0.240666667,Negative
KDSIHVPNIYKPQNK,E-10142,0.140666667,-0.258,0.117333333,0.338,0.488666667,NA,-3.708,-0.29,-1.732666667,-0.727866667,0.480666667,-0.234,Negative
LKNAQLKDSIHVPNI,E-10142,-0.05,-0.312666667,0.057333333,-0.111333333,0.061333333,NA,-4.524666667,-0.076,-0.593333333,-0.858466667,0.239333333,-0.383333333,Negative
NAQLKDSIHVPNIYK,E-10142,0.030666667,-0.286666667,0.06,0.05,0.177333333,NA,-4.094,-0.126,-0.768,-0.782866667,0.257333333,-0.269333333,Negative
QLKDSIHVPNIYKPQ,E-10142,0.038,-0.244666667,0.008,0.184,-0.036,NA,-3.719333333,-0.119333333,-0.954,-0.734266667,0.282666667,-0.238666667,Negative
SIHVPNIYKPQNKPE,E-10142,0.042666667,-0.268,0.046666667,0.362666667,0.167333333,NA,-3.768,-0.199333333,-1.554,-0.745666667,0.458666667,-0.22,Negative
IDSINQSKNSAASQI,E-10146,0.113333333,-0.498666667,0.109333333,-0.032666667,0.949333333,NA,-5.547333333,-0.319333333,-1.866666667,-1.0228,0.468666667,-0.460666667,Negative
LLNIIDSINQSKNSA,E-10146,0.032666667,-0.407333333,0.045333333,-0.014,0.29,NA,-5.136,-0.105333333,-0.849333333,-0.955,0.247333333,-0.468,Negative
NIIDSINQSKNSAAS,E-10146,0.116,-0.516666667,0.136,0.074666667,1.036,NA,-5.655333333,-0.321333333,-1.928666667,-1.037866667,0.496666667,-0.471333333,Negative
QKLLNIIDSINQSKN,E-10146,0.161333333,-0.315333333,0.028,-0.018,0.384,NA,-4.405333333,-0.212666667,-1.134,-0.839733333,0.334666667,-0.38,Negative
SINQSKNSAASQIAG,E-10146,-0.013333333,-0.553333333,0.241333333,-0.029333333,1.096,NA,-6.268666667,-0.330666667,-2.251333333,-1.1364,0.524666667,-0.476666667,Negative
EDSKNFNFEVEVVKG,E-10155,0.099333333,-0.373333333,-0.163333333,-0.169333333,0.814666667,NA,-4.189333333,-0.304,-1.552,-0.813466667,0.423333333,-0.166666667,Positive
EGVITVEDSKNFNFE,E-10155,0.09,-0.397333333,-0.208,-0.128666667,0.625333333,-0.541866667,-4.306666667,-0.214666667,-1.25,-0.8274,0.338,-0.165333333,Positive
SKNFNFEVEVVKGMR,E-10155,-0.031333333,-0.234,0.03,-0.19,0.386666667,NA,-3.934,-0.179333333,-0.616666667,-0.7612,0.224666667,-0.251333333,Positive
TVEDSKNFNFEVEVV,E-10155,0.078,-0.384666667,-0.247333333,-0.276,0.402666667,NA,-4.098666667,-0.184666667,-0.636666667,-0.8032,0.228,-0.217333333,Positive
VITVEDSKNFNFEVE,E-10155,0.082,-0.359333333,-0.25,-0.275333333,0.316,NA,-3.990666667,-0.150666667,-0.534,-0.78,0.206,-0.211333333,Positive
ARFIPAIGHVQVTTC,E-10158,-0.389333333,-0.328666667,0.115333333,-0.184666667,-0.415333333,NA,-5.117333333,0.169333333,0.955333333,-0.9464,-0.186,-0.410666667,Negative
ASHSDVRDSLARFIP,E-10158,-0.061333333,-0.332,0.098,-0.010666667,0.565333333,NA,-4.634,-0.15,-0.814666667,-0.873466667,0.252,-0.370666667,Negative
DVRDSLARFIPAIGH,E-10158,-0.237333333,-0.292666667,0.042666667,-0.07,0.124,NA,-4.632666667,0.010666667,-0.146666667,-0.869666667,0.099333333,-0.345333333,Negative
HSDVRDSLARFIPAI,E-10158,-0.151333333,-0.280666667,0.048,-0.113333333,0.146666667,NA,-4.421333333,-0.020666667,-0.071333333,-0.836266667,0.098666667,-0.378,Negative
RDSLARFIPAIGHVQ,E-10158,-0.252,-0.253333333,0.084,-0.14,-0.024666667,NA,-4.522666667,0.023333333,0.030666667,-0.853333333,0.068666667,-0.332666667,Negative
SLARFIPAIGHVQVT,E-10158,-0.412,-0.307333333,0.1,-0.225333333,-0.647333333,NA,-5.017333333,0.226,0.86,-0.9352,-0.164666667,-0.430666667,Negative
FNIDSLFTDPLELEY,E-10161,-0.022,-0.258,-0.356666667,-0.024,-0.6,NA,-3.522,0.170666667,0.122,-0.693733333,-0.039333333,-0.107333333,Negative
IDSLFTDPLELEYYL,E-10161,-0.059333333,-0.222,-0.348666667,-0.063333333,-0.976666667,NA,-3.4,0.266666667,0.59,-0.6678,-0.202,-0.152,Negative
IKFNIDSLFTDPLEL,E-10161,-0.128,-0.246666667,-0.222666667,-0.090666667,-0.744666667,NA,-3.914666667,0.215333333,0.358666667,-0.758266667,-0.083333333,-0.282666667,Negative
KTIKFNIDSLFTDPL,E-10161,-0.064,-0.248666667,-0.049333333,0.07,-0.464,NA,-3.991333333,0.102666667,-0.151333333,-0.7656,0.000666667,-0.322,Negative
SLFTDPLELEYYLRE,E-10161,0.052666667,-0.153333333,-0.27,-0.135333333,-0.540666667,NA,-2.993333333,0.082,0.066,-0.600866667,-0.042,-0.097333333,Negative
DDSLVVLPIFGESED,E-10175,-0.105333333,-0.477333333,-0.329333333,-0.034666667,0.098666667,NA,-4.991333333,-0.006666667,-0.916666667,-0.952,0.190666667,-0.344,Negative
EEDDSLVVLPIFGES,E-10175,-0.109333333,-0.454,-0.328666667,-0.17,0.040666667,NA,-4.883333333,-0.008666667,-0.816,-0.933466667,0.186,-0.335333333,Negative
QNYDEEDDSLVVLPI,E-10175,0.11,-0.418,-0.398666667,-0.035333333,0.234666667,NA,-4.19,-0.139333333,-1.062,-0.821066667,0.283333333,-0.226666667,Negative
SLVVLPIFGESEDND,E-10175,-0.117333333,-0.456,-0.261333333,0.002666667,0.036666667,NA,-4.989333333,0.004,-0.801333333,-0.950733333,0.188,-0.342,Negative
YDEEDDSLVVLPIFG,E-10175,-0.112,-0.394666667,-0.380666667,0.003333333,-0.23,NA,-4.356666667,0.078666667,-0.402666667,-0.841933333,0.058666667,-0.226,Negative
MYSLYDSMNNDLQHL,E-10180,0.146,-0.265333333,-0.140666667,0.068,-0.037333333,NA,-3.638,0.020666667,-0.141333333,-0.694066667,0.078666667,-0.109333333,Negative
PAMYSLYDSMNNDLQ,E-10180,0.043333333,-0.337333333,-0.133333333,0.198,-0.011333333,NA,-4.226666667,-0.016666667,-0.798,-0.7974,0.188666667,-0.193333333,Negative
SLYDSMNNDLQHLFF,E-10180,0.066666667,-0.231333333,-0.199333333,0.041333333,-0.240666667,NA,-3.439333333,0.115333333,0.21,-0.670933333,0.002666667,-0.026,Negative
SMNNDLQHLFFELYQ,E-10180,0.087333333,-0.173333333,-0.262,-0.179333333,-0.341333333,NA,-3.035333333,0.094,0.352,-0.607,0.014666667,0.056,Negative
YDSMNNDLQHLFFEL,E-10180,0.102,-0.212666667,-0.303333333,-0.109333333,-0.192666667,NA,-3.145333333,0.081333333,0.174666667,-0.623333333,0.045333333,0.043333333,Negative
DQNNNDSNKKDDENN,E-10190,0.816666667,-0.562666667,-0.178666667,0.491333333,3.07,NA,-4.331333333,-1.046,-5.288,-0.839866667,1.396666667,0,Positive
KKDDENNINNGDTNY,E-10190,0.542,-0.475333333,-0.094,0.512,2.083333333,NA,-4.267333333,-0.705333333,-3.819333333,-0.812,0.96,-0.038666667,Positive
NDSNKKDDENNINNG,E-10190,0.576666667,-0.553333333,-0.066,0.532666667,2.565333333,NA,-4.812,-0.834,-4.525333333,-0.910533333,1.18,-0.108666667,Positive
NNNDSNKKDDENNIN,E-10190,0.69,-0.524666667,-0.097333333,0.511333333,2.632,NA,-4.412666667,-0.886666667,-4.470666667,-0.8468,1.224,-0.078666667,Positive
SDDQNNNDSNKKDDE,E-10190,0.801333333,-0.600666667,-0.21,0.432,3.088,NA,-4.521333333,-1.035333333,-5.382666667,-0.871466667,1.354666667,-0.064666667,Positive
SNKKDDENNINNGDT,E-10190,0.548666667,-0.558,-0.042666667,0.474,2.412,NA,-4.902,-0.790666667,-4.333333333,-0.922066667,1.092,-0.156666667,Positive
AEDTLHDMGIFSITS,E-102,-0.070666667,-0.444666667,-0.08,-0.184666667,0.198666667,NA,-5.09,0.03,-0.42,-0.932,0.092,-0.333333333,Negative
IAAEDTLHDMGIFSI,E-102,-0.251333333,-0.401333333,-0.134,-0.408666667,-0.254,NA,-5.086666667,0.192,0.45,-0.927533333,-0.068666667,-0.350666667,Negative
QTIAAEDTLHDMGIF,E-102,-0.137333333,-0.406,-0.160666667,-0.428,0.012666667,NA,-4.905333333,0.065333333,-0.080666667,-0.900533333,0.058,-0.255333333,Negative
RIRPQTIAAEDTLHD,E-102,0.085333333,-0.316,-0.022,-0.251333333,0.706,NA,-4.268666667,-0.271333333,-1.118666667,-0.807933333,0.366666667,-0.296666667,Negative
RPQTIAAEDTLHDMG,E-102,-0.018666667,-0.419333333,-0.048666667,-0.213333333,0.677333333,NA,-4.98,-0.204,-1.410666667,-0.9208,0.389333333,-0.288666667,Negative
IFSITSSDSQAMGRV,E-10212,-0.118,-0.417333333,0.126666667,-0.005333333,0.294,NA,-5.388666667,-0.054666667,-0.624,-0.991466667,0.1,-0.492666667,Negative
SDSQAMGRVGEVITR,E-10212,-0.062666667,-0.426,0.124666667,-0.084666667,0.922,NA,-5.431333333,-0.290666667,-1.474,-1.003133333,0.340666667,-0.462,Negative
SITSSDSQAMGRVGE,E-10212,0.005333333,-0.548666667,0.144,0.058,1.178666667,NA,-6.047333333,-0.332666667,-2.233333333,-1.102733333,0.460666667,-0.487333333,Negative
SQAMGRVGEVITRTW,E-10212,-0.126,-0.288,0.146666667,-0.14,0.256666667,NA,-4.641333333,-0.092,-0.373333333,-0.867,0.088666667,-0.388,Negative
TSSDSQAMGRVGEVI,E-10212,-0.088666667,-0.522666667,0.096666667,-0.045333333,0.846666667,NA,-5.942666667,-0.237333333,-1.592666667,-1.088733333,0.329333333,-0.500666667,Negative
GELDSQTGHVSLGKN,E-10219,0.039333333,-0.530666667,0.092,0.166,1.145333333,NA,-5.747333333,-0.312,-2.469333333,-1.0586,0.530666667,-0.298,Negative
KILSGELDSQTGHVS,E-10219,0.008,-0.484,0.084,-0.002,0.705333333,NA,-5.511333333,-0.192666667,-1.63,-1.018333333,0.332,-0.400666667,Negative
LDSQTGHVSLGKNER,E-10219,0.151333333,-0.422,0.125333333,0.083333333,1.243333333,NA,-5.024666667,-0.396666667,-2.275333333,-0.9396,0.541333333,-0.292,Negative
LSGELDSQTGHVSLG,E-10219,-0.088,-0.552,0.046,0.097333333,0.663333333,NA,-6.054666667,-0.122,-1.732,-1.1104,0.316,-0.376,Negative
SQTGHVSLGKNERLA,E-10219,0.020666667,-0.413333333,0.212666667,-0.059333333,0.994,NA,-5.322,-0.31,-1.841333333,-0.9826,0.443333333,-0.348,Negative
ADSRIRPQTIAAEDT,E-10224,0.064,-0.416,0.028,-0.204666667,1.002,NA,-5.012666667,-0.368,-1.825333333,-0.930866667,0.474,-0.405333333,Negative
DVQFADSRIRPQTIA,E-10224,-0.032666667,-0.303333333,-0.024666667,-0.116,0.391333333,NA,-4.364,-0.188666667,-0.822,-0.835666667,0.246666667,-0.33,Negative
KEDVQFADSRIRPQT,E-10224,0.196666667,-0.278666667,-0.032666667,-0.082666667,0.994666667,NA,-3.848,-0.44,-1.926666667,-0.7554,0.513333333,-0.238666667,Negative
QFADSRIRPQTIAAE,E-10224,-0.034,-0.302,0.006,-0.306,0.522,NA,-4.472,-0.231333333,-1.064,-0.845066667,0.322666667,-0.303333333,Negative
SRIRPQTIAAEDTLH,E-10224,0.046,-0.311333333,0.082666667,-0.236,0.6,NA,-4.454666667,-0.239333333,-0.982666667,-0.837,0.319333333,-0.357333333,Negative
EYAIENLKASYAQIK,E-10248,0.003333333,-0.272,0.010666667,-0.434666667,0.104666667,NA,-4.156666667,-0.116666667,-0.578666667,-0.773,0.154,-0.247333333,Negative
KDSTEYAIENLKASY,E-10248,0.198666667,-0.354666667,0.023333333,-0.140666667,0.706,NA,-4.27,-0.291333333,-1.626,-0.7938,0.345333333,-0.242666667,Negative
LESIKDSTEYAIENL,E-10248,0.142,-0.376,-0.144666667,-0.320666667,0.369333333,NA,-4.406,-0.167333333,-1.013333333,-0.8266,0.247333333,-0.318666667,Negative
NRLESIKDSTEYAIE,E-10248,0.255333333,-0.336,-0.062666667,-0.236666667,0.889333333,NA,-4.098666667,-0.356,-1.583333333,-0.775466667,0.408666667,-0.284,Negative
SIKDSTEYAIENLKA,E-10248,0.115333333,-0.386,0.024666667,-0.281333333,0.616,NA,-4.692,-0.247333333,-1.396666667,-0.866666667,0.324,-0.368,Negative
STEYAIENLKASYAQ,E-10248,0.08,-0.372666667,0.018666667,-0.292,0.420666667,NA,-4.594666667,-0.190666667,-1.122666667,-0.847333333,0.244,-0.244666667,Negative
DFSEFDSTQNNFSLG,E-10252,0.177333333,-0.426,-0.182666667,0.266666667,0.796666667,-0.2416,-4.425333333,-0.203333333,-1.826666667,-0.846533333,0.398666667,-0.047333333,Negative
ENDFSEFDSTQNNFS,E-10252,0.413333333,-0.435333333,-0.264,0.218,1.356,NA,-3.936,-0.425333333,-2.496,-0.769666667,0.635333333,0.048,Negative
FDSTQNNFSLGLECA,E-10252,-0.020666667,-0.424,-0.098,0.022666667,0.44,NA,-5.041333333,-0.070666667,-0.846666667,-0.938866667,0.186666667,-0.194,Negative
QNNFSLGLECAIMVE,E-10252,-0.206,-0.365333333,-0.148,-0.361333333,-0.168,NA,-5.018666667,0.096,0.356666667,-0.932866667,-0.015333333,-0.318,Negative
SEFDSTQNNFSLGLE,E-10252,0.17,-0.432666667,-0.159333333,0.076,0.734666667,NA,-4.642,-0.216,-1.792666667,-0.8818,0.408,-0.138666667,Negative
STQNNFSLGLECAIM,E-10252,-0.148,-0.398,-0.01,-0.144,0.006666667,NA,-5.319333333,0.056666667,-0.077333333,-0.975666667,0.03,-0.359333333,Negative
FDSVPQIHGQNKGNQ,E-10267,0.086666667,-0.410666667,-0.01,0.320666667,0.948,NA,-4.659333333,-0.327333333,-2.296666667,-0.894333333,0.594,-0.092,Negative
IDFDSVPQIHGQNKG,E-10267,-0.016,-0.415333333,-0.064666667,0.266,0.634,-0.358066667,-4.744666667,-0.189333333,-1.71,-0.9038,0.426666667,-0.174666667,Negative
NIVDIDFDSVPQIHG,E-10267,-0.112,-0.426666667,-0.226666667,0.163333333,0.061333333,NA,-4.649333333,0.024666667,-0.4,-0.891466667,0.152,-0.26,Negative
PQIHGQNKGNQSFEE,E-10267,0.212,-0.394666667,-0.066,0.138,1.27,NA,-4.362,-0.458666667,-2.872,-0.8422,0.763333333,-0.000666667,Negative
SVPQIHGQNKGNQSF,E-10267,0.047333333,-0.406,0.094666667,0.336,0.842,NA,-4.845333333,-0.295333333,-2.160666667,-0.9234,0.546666667,-0.152666667,Negative
VDIDFDSVPQIHGQN,E-10267,0.002666667,-0.443333333,-0.24,0.180666667,0.437333333,NA,-4.566,-0.124,-1.102,-0.883266667,0.322,-0.179333333,Negative
CDSVVTFELTDIVHC,E-10271,-0.131333333,-0.42,-0.156666667,-0.222,-0.07,NA,-4.878,0.102,1.116,-0.914266667,-0.234666667,-0.391333333,Negative
ELTTCDSVVTFELTD,E-10271,0.046,-0.468666667,-0.205333333,-0.236,0.163333333,NA,-4.936,-0.05,-0.200666667,-0.9248,-0.008,-0.386666667,Negative
PQELTTCDSVVTFEL,E-10271,-0.049333333,-0.413333333,-0.193333333,-0.186,-0.146,NA,-4.768666667,2.41E-17,-0.144666667,-0.907666667,0.007333333,-0.364,Negative
SVVTFELTDIVHCRM,E-10271,-0.162666667,-0.285333333,-0.042,-0.347333333,-0.346666667,NA,-4.334666667,0.136,1.403333333,-0.818866667,-0.262666667,-0.416,Negative
TTCDSVVTFELTDIV,E-10271,-0.086,-0.466666667,-0.144666667,-0.168,-0.190666667,NA,-5.116666667,0.073333333,0.53,-0.955666667,-0.185333333,-0.480666667,Negative
VTFELTDIVHCRMAA,E-10271,-0.251333333,-0.303333333,-0.029333333,-0.56,-0.301333333,NA,-4.662,0.15,1.358666667,-0.860733333,-0.232666667,-0.393333333,Negative
STISSCTDTDKLFLH,E-10313,0.104,-0.41,0.076,0.048,0.420666667,NA,-4.866666667,-0.082666667,-0.551333333,-0.899133333,0.071333333,-0.392,Negative
GDKVRLGDTDLIAEV,E-10316,-0.114666667,-0.448666667,-0.085333333,-0.166666667,0.554666667,NA,-5.359333333,-0.156666667,-1.202,-0.994466667,0.247333333,-0.432,Negative
GDTDLIAEVEHDYTI,E-10316,0.069333333,-0.465333333,-0.267333333,-0.200666667,0.482,NA,-4.623333333,-0.113333333,-0.837333333,-0.862866667,0.202666667,-0.209333333,Negative
KVRLGDTDLIAEVEH,E-10316,-0.015333333,-0.366,-0.092666667,-0.426666667,0.524666667,NA,-4.611333333,-0.174,-0.71,-0.868,0.234,-0.346666667,Negative
RLGDTDLIAEVEHDY,E-10316,0.098666667,-0.375333333,-0.23,-0.224,0.640666667,-0.346666667,-4.218666667,-0.182666667,-0.944666667,-0.7988,0.260666667,-0.174,Negative
TDLIAEVEHDYTIYG,E-10316,0.023333333,-0.378,-0.214,-0.147333333,0.047333333,NA,-4.174666667,0.004,-0.187333333,-0.781866667,0.023333333,-0.152,Negative
EAELDGDQMISHREL,E-1033,0.138666667,-0.381333333,-0.224,-0.49,0.960666667,NA,-4.428,-0.294666667,-1.483333333,-0.8344,0.459333333,-0.204666667,Negative
ELDGDQMISHRELWA,E-1033,0.08,-0.278666667,-0.189333333,-0.373333333,0.462666667,NA,-3.844,-0.116,-0.654666667,-0.7356,0.255333333,-0.154,Negative
LHSAPKEAELDGDQM,E-1033,0.007333333,-0.454666667,-0.129333333,-0.348666667,0.836,NA,-5.078666667,-0.256,-1.99,-0.9432,0.530666667,-0.256666667,Negative
PKEAELDGDQMISHR,E-1033,0.122,-0.367333333,-0.08,-0.209333333,1.080666667,NA,-4.447333333,-0.37,-2.114666667,-0.840933333,0.589333333,-0.234,Negative
SAPKEAELDGDQMIS,E-1033,-0.012666667,-0.507333333,-0.112,-0.246666667,0.856666667,NA,-5.498666667,-0.278,-2.251333333,-1.015,0.535333333,-0.377333333,Negative
AAELEGEFAEMNGWN,E-1037,-0.116666667,-0.402666667,-0.225333333,-0.508666667,0.51,NA,-4.81,-0.084,-1.126666667,-0.888066667,0.354,-0.083333333,Negative
DEDGIRAAELEGEFA,E-1037,-0.051333333,-0.475333333,-0.270666667,-0.544,1.09,NA,-5.192,-0.286,-1.934,-0.957533333,0.498666667,-0.182666667,Negative
DGIRAAELEGEFAEM,E-1037,-0.172666667,-0.414,-0.209333333,-0.676,0.634666667,NA,-5.154,-0.142,-1.152666667,-0.943266667,0.331333333,-0.236666667,Negative
ELEGEFAEMNGWNAE,E-1037,0.01,-0.388,-0.312,-0.501333333,0.701333333,NA,-4.404666667,-0.172666667,-1.46,-0.826533333,0.447333333,-0.018666667,Negative
IRAAELEGEFAEMNG,E-1037,-0.184666667,-0.392666667,-0.141333333,-0.638666667,0.572666667,NA,-5.152,-0.131333333,-1.037333333,-0.942,0.328666667,-0.234666667,Negative
DLMNPDTKEKINEKI,E-10379,0.220666667,-0.318666667,-0.088,-0.137333333,0.755333333,NA,-4.027333333,-0.357333333,-1.996,-0.7706,0.552,-0.321333333,Negative
MNPDTKEKINEKIIT,E-10379,0.178,-0.307333333,0.007333333,-0.138,0.566,NA,-4.106666667,-0.309333333,-1.634,-0.778133333,0.458,-0.378666667,Negative
PDTKEKINEKIITDN,E-10379,0.299333333,-0.368666667,-0.054,-0.006,1.021333333,NA,-4.144666667,-0.453333333,-2.415333333,-0.7924,0.625333333,-0.324666667,Negative
TKEKINEKIITDNKE,E-10379,0.389333333,-0.312,0.018,-0.301333333,1.226666667,NA,-3.868666667,-0.548,-2.392666667,-0.737533333,0.638,-0.321333333,Negative
YGDLMNPDTKEKINE,E-10379,0.205333333,-0.360666667,-0.123333333,0.123333333,0.829333333,NA,-4.14,-0.336666667,-2.272666667,-0.787066667,0.554,-0.182666667,Negative
AAEDTLHDMGIFSIT,E-10396,-0.162,-0.440666667,-0.097333333,-0.342666667,0.055333333,NA,-5.201333333,0.084666667,-0.122,-0.945933333,0.041333333,-0.328666667,Negative
EDTLHDMGIFSITSS,E-10396,0.020666667,-0.448666667,-0.062666667,-0.026666667,0.342,NA,-4.978666667,-0.024666667,-0.718,-0.918066667,0.142666667,-0.338,Negative
PQTIAAEDTLHDMGI,E-10396,-0.134666667,-0.464666667,-0.126666667,-0.276666667,0.183333333,NA,-5.278666667,-0.021333333,-0.786,-0.9692,0.224666667,-0.334666667,Negative
TIAAEDTLHDMGIFS,E-10396,-0.162,-0.440666667,-0.097333333,-0.342666667,0.055333333,NA,-5.201333333,0.084666667,-0.122,-0.945933333,0.041333333,-0.328666667,Negative
TLHDMGIFSITSSDS,E-10396,-0.014666667,-0.467333333,0.041333333,0.124,0.294,NA,-5.272666667,0.009333333,-0.682666667,-0.965666667,0.1,-0.407333333,Negative
LTMLNDTLHNIRTTN,E-10398,0.138,-0.304666667,0.061333333,-0.026666667,0.169333333,NA,-4.309333333,-0.068,-0.193333333,-0.803666667,0.128,-0.333333333,Negative
MLNDTLHNIRTTNQA,E-10398,0.159333333,-0.334666667,0.048,-0.11,0.537333333,NA,-4.426666667,-0.19,-0.714,-0.825466667,0.287333333,-0.274,Negative
NDTLHNIRTTNQALK,E-10398,0.254,-0.33,0.12,-0.039333333,0.88,NA,-4.327333333,-0.335333333,-1.387333333,-0.812866667,0.427333333,-0.261333333,Negative
SSLTMLNDTLHNIRT,E-10398,0.111333333,-0.333333333,0.111333333,-0.012,0.234666667,NA,-4.595333333,-0.068666667,-0.344,-0.8528,0.126666667,-0.410666667,Negative
TLHNIRTTNQALKKE,E-10398,0.235333333,-0.262,0.186,-0.273333333,0.771333333,-0.299,-4.084,-0.349333333,-1.294,-0.768733333,0.398,-0.296,Negative
IDTLKKNENIKELLD,E-10399,0.209333333,-0.29,-0.11,-0.32,0.485333333,NA,-3.998666667,-0.258,-1.314,-0.7646,0.369333333,-0.344666667,Negative
KRIDTLKKNENIKEL,E-10399,0.296,-0.184,0.105333333,-0.297333333,0.892666667,NA,-3.554,-0.448,-1.776,-0.6866,0.503333333,-0.351333333,Negative
LEKRIDTLKKNENIK,E-10399,0.296,-0.184,0.105333333,-0.297333333,0.892666667,NA,-3.554,-0.448,-1.776,-0.6866,0.503333333,-0.351333333,Negative
SVLEKRIDTLKKNEN,E-10399,0.279333333,-0.270666667,0.079333333,-0.221333333,0.986,NA,-3.985333333,-0.448666667,-1.850666667,-0.765733333,0.505333333,-0.376666667,Negative
TLKKNENIKELLDKI,E-10399,0.182666667,-0.224,0.023333333,-0.381333333,0.372666667,NA,-3.861333333,-0.259333333,-1.206,-0.737733333,0.342,-0.386,Negative
AEEYSMNLGFLAKGN,E-104,-0.154,-0.364666667,-0.007333333,-0.177333333,0.227333333,NA,-5.002666667,-0.028,-0.972666667,-0.915266667,0.218666667,-0.205333333,Negative
KWMLRAAEEYSMNLG,E-104,-0.090666667,-0.181333333,0.026666667,-0.395333333,-0.077333333,NA,-3.894666667,0.019333333,-0.074666667,-0.725133333,0.067333333,-0.239333333,Negative
MLRAAEEYSMNLGFL,E-104,-0.251333333,-0.220666667,-0.063333333,-0.476,-0.506,NA,-4.363333333,0.189333333,0.604,-0.804733333,-0.105333333,-0.270666667,Negative
NLKWMLRAAEEYSMN,E-104,0.022666667,-0.152666667,-0.004666667,-0.416666667,-0.010666667,NA,-3.495333333,-0.033333333,-0.02,-0.6614,0.111333333,-0.209333333,Negative
RAAEEYSMNLGFLAK,E-104,-0.160666667,-0.268666667,0.045333333,-0.44,0.138,NA,-4.579333333,-0.036666667,-0.46,-0.840533333,0.134,-0.257333333,Negative
ADTLLGGLPTELISS,E-10403,-0.300666667,-0.496,-0.002,-0.013333333,-0.330666667,NA,-6.114,0.155333333,-0.703333333,-1.1148,0.043333333,-0.537333333,Negative
LFNLADTLLGGLPTE,E-10403,-0.354666667,-0.387333333,-0.119333333,-0.08,-0.753333333,NA,-5.406,0.286,-0.023333333,-0.998933333,-0.072666667,-0.359333333,Negative
LGGLPTELISSAGGQ,E-10403,-0.399333333,-0.549333333,0.096,0.163333333,0.029333333,NA,-6.728666667,0.073333333,-1.536666667,-1.218533333,0.207333333,-0.478,Negative
LTLFNLADTLLGGLP,E-10403,-0.477333333,-0.349333333,-0.069333333,-0.052666667,-1.246,NA,-5.496,0.455333333,0.700666667,-1.012066667,-0.265333333,-0.424666667,Negative
NLADTLLGGLPTELI,E-10403,-0.360666667,-0.422666667,-0.092666667,-0.114666667,-0.731333333,NA,-5.722,0.269333333,-0.035333333,-1.05,-0.062,-0.470666667,Negative
TLLGGLPTELISSAG,E-10403,-0.426,-0.503333333,0.097333333,0.045333333,-0.459333333,NA,-6.511333333,0.218666667,-0.642666667,-1.177266667,-0.003333333,-0.565333333,Negative
IHTDTLNEAGCVEDT,E-10404,0.089333333,-0.542666667,-0.136666667,-0.181333333,0.954666667,NA,-5.364666667,-0.238666667,-1.195333333,-0.9856,0.314,-0.294,Negative
TDTLNEAGCVEDTMA,E-10404,-0.011333333,-0.580666667,-0.134,-0.302666667,0.875333333,NA,-5.893333333,-0.217333333,-1.311333333,-1.067933333,0.304666667,-0.384666667,Negative
TLNEAGCVEDTMAAI,E-10404,-0.231333333,-0.532666667,-0.083333333,-0.511333333,0.316666667,NA,-6.076,-0.023333333,-0.305333333,-1.092533333,0.096666667,-0.462666667,Negative
VAIHTDTLNEAGCVE,E-10404,-0.134666667,-0.52,-0.083333333,-0.390666667,0.482666667,NA,-5.655333333,-0.078666667,-0.292,-1.0334,0.128,-0.378,Negative
VQVAIHTDTLNEAGC,E-10404,-0.145333333,-0.504,-0.042666667,-0.325333333,0.392,NA,-5.653333333,-0.064,-0.215333333,-1.0356,0.102,-0.374,Negative
EDTLNKVDAAVAEAE,E-10406,-0.006666667,-0.558666667,-0.190666667,-0.726,0.992,NA,-5.608666667,-0.324,-1.663333333,-1.030266667,0.468666667,-0.378,Negative
GGSKVPEDTLNKVDA,E-10406,-0.044,-0.542666667,0.044666667,0.142666667,1.004,NA,-5.806666667,-0.331333333,-2.615333333,-1.074933333,0.559333333,-0.421333333,Negative
SKVPEDTLNKVDAAV,E-10406,-0.057333333,-0.488666667,-0.009333333,-0.205333333,0.574,NA,-5.390666667,-0.244,-1.526,-1.008066667,0.376,-0.495333333,Negative
TLNKVDAAVAEAEGG,E-10406,-0.253333333,-0.596666667,0.007333333,-0.473333333,0.792666667,NA,-6.511333333,-0.195333333,-1.642666667,-1.173733333,0.38,-0.442666667,Negative
VPEDTLNKVDAAVAE,E-10406,-0.126,-0.527333333,-0.159333333,-0.437333333,0.485333333,NA,-5.531333333,-0.19,-1.235333333,-1.030333333,0.348,-0.440666667,Negative
DEIKKLKDTLQLSFD,E-10409,0.189333333,-0.276666667,-0.127333333,-0.279333333,0.390666667,NA,-3.870666667,-0.216,-1.32,-0.747333333,0.290666667,-0.294,Negative
IKKLKDTLQLSFDLY,E-10409,0.020666667,-0.151333333,-0.024,-0.198666667,-0.536666667,NA,-3.512,0.070666667,0.054,-0.679466667,-0.081333333,-0.302,Negative
KDTLQLSFDLYNKYK,E-10409,0.218666667,-0.16,-0.008,0.087333333,0.042,NA,-3.106,-0.13,-0.884666667,-0.610733333,0.134666667,-0.118,Negative
KLKDTLQLSFDLYNK,E-10409,0.138,-0.186,-0.010666667,-0.074,-0.074,NA,-3.536666667,-0.08,-0.71,-0.686333333,0.116666667,-0.232,Negative
TLQLSFDLYNKYKLK,E-10409,0.092,-0.098666667,0.042666667,-0.020666667,-0.508666667,NA,-3.088,0.037333333,-0.06,-0.605333333,-0.062666667,-0.174666667,Negative
ELENNQKIKVLLAQS,E-1042,0.072666667,-0.306,-0.057333333,-0.505333333,0.247333333,NA,-4.419333333,-0.200666667,-0.907333333,-0.8438,0.302666667,-0.354666667,Negative
HDKKMAELENNQKIK,E-1042,0.316666667,-0.258,0.057333333,-0.467333333,1.26,NA,-3.742666667,-0.518,-2.197333333,-0.713333333,0.676666667,-0.207333333,Negative
KKMAELENNQKIKVL,E-1042,0.078666667,-0.218,0.074,-0.597333333,0.372,NA,-4.048666667,-0.271333333,-1.048,-0.768466667,0.356,-0.386666667,Negative
MAELENNQKIKVLLA,E-1042,-0.125333333,-0.28,-0.054666667,-0.725333333,-0.202666667,NA,-4.602666667,-0.014666667,-0.005333333,-0.8598,0.115333333,-0.416666667,Negative
TLHDKKMAELENNQK,E-1042,0.306,-0.302,0.011333333,-0.448,1.131333333,NA,-3.976666667,-0.456666667,-2.052666667,-0.7532,0.616666667,-0.200666667,Negative
AGCVEDTMAAIAGRT,E-10420,-0.358,-0.536,0.116666667,-0.413333333,0.578666667,NA,-6.573333333,-0.070666667,-0.596666667,-1.166666667,0.120666667,-0.522666667,Negative
CVEDTMAAIAGRTMH,E-10420,-0.245333333,-0.424,0.082666667,-0.527333333,0.400666667,NA,-5.598,-0.028666667,0.142,-1.001466667,0.042666667,-0.444,Negative
EDTMAAIAGRTMHTF,E-10420,-0.172,-0.374666667,0.065333333,-0.482666667,0.286,NA,-5.082,-0.012666667,-0.184666667,-0.912866667,0.094666667,-0.321333333,Negative
NEAGCVEDTMAAIAG,E-10420,-0.320666667,-0.609333333,-0.038666667,-0.466,0.704666667,-0.1696,-6.700666667,-0.094666667,-0.942666667,-1.193133333,0.24,-0.444,Negative
TMAAIAGRTMHTFHT,E-10420,-0.23,-0.329333333,0.247333333,-0.434666667,0.028,NA,-5.035333333,0.091333333,0.474,-0.8962,-0.046666667,-0.327333333,Negative
IDTNITSPQTNSSTK,E-10429,0.277333333,-0.516666667,0.161333333,0.408,0.99,NA,-5.286,-0.391333333,-2.512,-0.982733333,0.536,-0.452666667,Negative
KQIDTNITSPQTNSS,E-10429,0.302666667,-0.494,0.111333333,0.359333333,1.056666667,NA,-5.088,-0.432666667,-2.642,-0.956133333,0.596,-0.394,Negative
LGLNKQIDTNITSPQ,E-10429,0.042666667,-0.404666667,0.011333333,0.192666667,0.254,NA,-4.989333333,-0.152666667,-1.511333333,-0.9394,0.34,-0.368,Negative
LNKQIDTNITSPQTN,E-10429,0.242666667,-0.420666667,0.020666667,0.258,0.656,NA,-4.696,-0.318666667,-1.974,-0.891333333,0.490666667,-0.327333333,Negative
TNITSPQTNSSTKFL,E-10429,0.156666667,-0.42,0.185333333,0.334666667,0.417333333,NA,-4.952,-0.207333333,-1.675333333,-0.926266667,0.328,-0.398,Negative
DKIDTQRRTYELNTL,E-10470,0.367333333,-0.221333333,-0.008,-0.011333333,0.830666667,NA,-3.394666667,-0.397333333,-1.498666667,-0.6618,0.366,-0.214,Negative
IDTQRRTYELNTLSA,E-10470,0.224,-0.274,0.050666667,-0.077333333,0.588,NA,-4.015333333,-0.277333333,-1.036666667,-0.760733333,0.248,-0.289333333,Negative
ISLQDKIDTQRRTYE,E-10470,0.362666667,-0.220666667,-0.017333333,-0.061333333,0.879333333,NA,-3.376,-0.423333333,-1.553333333,-0.6628,0.378,-0.229333333,Negative
LQDKIDTQRRTYELN,E-10470,0.392666667,-0.198666667,-0.058,-0.06,0.897333333,NA,-3.196666667,-0.438666667,-1.628666667,-0.6352,0.426,-0.155333333,Negative
TQRRTYELNTLSAQQ,E-10470,0.324,-0.251333333,0.078666667,-0.13,0.815333333,NA,-3.822,-0.413333333,-1.561333333,-0.7362,0.387333333,-0.196,Negative
DMQFNDTTAHIEVNP,E-10494,0.096666667,-0.418666667,-0.197333333,-0.063333333,0.528,NA,-4.363333333,-0.173333333,-1.086,-0.8306,0.372,-0.152666667,Negative
KKDMQFNDTTAHIEV,E-10494,0.176,-0.340666667,-0.060666667,-0.322,0.740666667,-0.427333333,-4.06,-0.278,-1.171333333,-0.768666667,0.364666667,-0.201333333,Negative
NDTTAHIEVNPETYH,E-10494,0.244,-0.431333333,-0.091333333,0.022,0.87,-0.421933333,-4.142666667,-0.290666667,-1.426,-0.785666667,0.451333333,-0.086,Negative
QFNDTTAHIEVNPET,E-10494,0.174,-0.44,-0.166666667,-0.088,0.71,NA,-4.381333333,-0.265333333,-1.459333333,-0.8366,0.444,-0.136,Negative
TTAHIEVNPETYHVF,E-10494,-0.000666667,-0.330666667,-0.074,-0.156,-0.052666667,NA,-3.883333333,0.004,0.126666667,-0.7428,0.064,-0.118666667,Negative
AFDDTVFSAAVAAAR,E-10509,-0.39,-0.471333333,0.023333333,-0.587333333,0.162666667,NA,-5.86,0.045333333,0.028,-1.059533333,0.008,-0.416,Negative
DDTVFSAAVAAARAS,E-10509,-0.306,-0.558,0.1,-0.519333333,0.603333333,NA,-6.388666667,-0.100666667,-0.727333333,-1.1478,0.172,-0.52,Negative
FSAAVAAARASMVFE,E-10509,-0.514666667,-0.398666667,0.098666667,-0.818,-0.241333333,NA,-5.812,0.165333333,0.738666667,-1.045533333,-0.120666667,-0.476,Negative
FYGDAFDDTVFSAAV,E-10509,-0.279333333,-0.427333333,-0.190666667,-0.076,-0.168666667,NA,-4.899333333,0.165333333,0.073333333,-0.909333333,-0.099333333,-0.153333333,Negative
GDAFDDTVFSAAVAA,E-10509,-0.371333333,-0.588666667,-0.097333333,-0.362,0.314,NA,-6.285333333,0.043333333,-0.6,-1.135533333,0.095333333,-0.366,Negative
TVFSAAVAAARASMV,E-10509,-0.560666667,-0.466,0.218666667,-0.739333333,-0.29,NA,-6.432,0.170666667,0.830666667,-1.1486,-0.174,-0.648,Negative
ENILKNNDTYFNDDI,E-10526,0.326666667,-0.346666667,-0.261333333,0.229333333,0.764666667,NA,-3.622,-0.271333333,-1.508,-0.704933333,0.427333333,-0.052666667,Negative
ILKNNDTYFNDDIKQ,E-10526,0.301333333,-0.286,-0.155333333,0.196,0.623333333,NA,-3.484666667,-0.268666667,-1.438666667,-0.681533333,0.376666667,-0.092,Negative
KNNDTYFNDDIKQFV,E-10526,0.300666667,-0.281333333,-0.175333333,0.250666667,0.714,-0.506133333,-3.268,-0.292,-1.474666667,-0.650933333,0.384666667,0.002,Negative
NDTYFNDDIKQFVKS,E-10526,0.273333333,-0.298,-0.138666667,0.228666667,0.67,NA,-3.456,-0.270666667,-1.454,-0.681266667,0.34,-0.060666667,Negative
TYFNDDIKQFVKSNS,E-10526,0.234,-0.293333333,-0.034,0.244,0.564,NA,-3.642,-0.238666667,-1.318,-0.710333333,0.292666667,-0.121333333,Negative
HALDVADKYDVQVAI,E-10534,-0.157333333,-0.41,-0.141333333,-0.451333333,0.046,NA,-4.802666667,-0.002666667,0.113333333,-0.898,0.029333333,-0.327333333,Negative
INHALDVADKYDVQV,E-10534,-0.038666667,-0.397333333,-0.160666667,-0.271333333,0.233333333,NA,-4.503333333,-0.078666667,-0.205333333,-0.853733333,0.124666667,-0.269333333,Negative
LDVADKYDVQVAIHT,E-10534,-0.066666667,-0.402,-0.137333333,-0.33,0.08,NA,-4.593333333,-0.035333333,-0.013333333,-0.865266667,0.036666667,-0.317333333,Negative
SAINHALDVADKYDV,E-10534,-0.060666667,-0.454,-0.067333333,-0.240666667,0.464666667,NA,-5.015333333,-0.1,-0.589333333,-0.927066667,0.188666667,-0.324666667,Negative
VADKYDVQVAIHTDT,E-10534,0.02,-0.446666667,-0.096666667,-0.243333333,0.415333333,NA,-4.699333333,-0.148666667,-0.530666667,-0.880933333,0.143333333,-0.306666667,Negative
DMSPSDVAEAMFRHG,E-10535,-0.124666667,-0.416666667,-0.022,-0.147333333,0.68,NA,-5.031333333,-0.14,-1.185333333,-0.929866667,0.347333333,-0.290666667,Negative
EAMFRHGMTRLYAAL,E-10535,-0.275333333,-0.152666667,0.115333333,-0.539333333,-0.325333333,NA,-4.122666667,0.148666667,0.875333333,-0.752133333,-0.133333333,-0.239333333,Negative
LHDMSPSDVAEAMFR,E-10535,-0.126,-0.348,-0.070666667,-0.314,0.258,NA,-4.616,-0.036,-0.421333333,-0.862,0.196666667,-0.319333333,Negative
SDVAEAMFRHGMTRL,E-10535,-0.144666667,-0.274666667,0.086,-0.414666667,0.365333333,-0.187066667,-4.559333333,-0.063333333,-0.120666667,-0.839666667,0.115333333,-0.318666667,Negative
SPSDVAEAMFRHGMT,E-10535,-0.164666667,-0.4,0.069333333,-0.168666667,0.464666667,NA,-5.119333333,-0.086,-0.878,-0.940133333,0.256666667,-0.336666667,Negative
VAEAMFRHGMTRLYA,E-10535,-0.282,-0.183333333,0.122,-0.519333333,-0.212666667,NA,-4.222,0.108666667,0.827333333,-0.7726,-0.114666667,-0.256666667,Negative
GYRFSDVAKVAALQN,E-10541,-0.186,-0.337333333,0.088,-0.175333333,0.235333333,NA,-4.904,-0.076666667,-0.536666667,-0.911066667,0.12,-0.299333333,Negative
KVAALQNPDMKYAII,E-10541,-0.278666667,-0.286,0.032,-0.354,-0.508,NA,-4.709333333,0.100666667,0.178,-0.872266667,-0.000666667,-0.425333333,Negative
LIGYRFSDVAKVAAL,E-10541,-0.415333333,-0.280666667,0.084,-0.338,-0.629333333,NA,-4.971333333,0.228666667,0.874666667,-0.915133333,-0.244666667,-0.438666667,Negative
RFSDVAKVAALQNPD,E-10541,-0.135333333,-0.384666667,-0.002666667,-0.188666667,0.422666667,NA,-4.986,-0.166,-1.061333333,-0.939066667,0.301333333,-0.364666667,Negative
SDVAKVAALQNPDMK,E-10541,-0.146666667,-0.45,0.031333333,-0.305333333,0.432,NA,-5.478666667,-0.18,-1.318,-1.013666667,0.354,-0.481333333,Negative
VAKVAALQNPDMKYA,E-10541,-0.284,-0.358666667,0.067333333,-0.41,-0.146,NA,-5.141333333,-0.008,-0.37,-0.9466,0.124,-0.419333333,Negative
EDVARTANLAIELDS,E-10543,-0.020666667,-0.464,-0.126666667,-0.502666667,0.638,NA,-5.291333333,-0.195333333,-0.988,-0.9766,0.296,-0.422666667,Negative
ITEDVARTANLAIEL,E-10543,-0.150666667,-0.396,-0.085333333,-0.626666667,0.004,-0.104066667,-5.166666667,-0.012,0.062666667,-0.949666667,0.052,-0.476,Negative
LTITEDVARTANLAI,E-10543,-0.186666667,-0.402666667,0.005333333,-0.512666667,-0.153333333,NA,-5.362666667,0.044,0.269333333,-0.978466667,-0.034,-0.530666667,Negative
PTLTITEDVARTANL,E-10543,-0.087333333,-0.418,0.016666667,-0.205333333,0.029333333,NA,-5.210666667,-0.058666667,-0.550666667,-0.963333333,0.129333333,-0.488666667,Negative
RTANLAIELDSATDV,E-10543,-0.056666667,-0.470666667,-0.036,-0.388666667,0.480666667,NA,-5.487333333,-0.139333333,-0.781333333,-1.0054,0.21,-0.477333333,Negative
VARTANLAIELDSAT,E-10543,-0.187333333,-0.462,0.051333333,-0.531333333,0.231333333,NA,-5.784666667,-0.052666667,-0.347333333,-1.0484,0.112,-0.533333333,Negative
KLNDVCANDYCQIPF,E-10544,-0.082,-0.318,-0.137333333,0.135333333,0.056,NA,-4.332,-0.010666667,0.045333333,-0.824266667,0.026,-0.207333333,Negative
LLRAKLNDVCANDYC,E-10544,-0.091333333,-0.304666667,-0.002,-0.136,0.270666667,NA,-4.716666667,-0.054,0.249333333,-0.874133333,-0.015333333,-0.350666667,Negative
NDVCANDYCQIPFNL,E-10544,-0.067333333,-0.362666667,-0.202666667,0.234,0.106666667,NA,-4.467333333,0.001333333,0.052666667,-0.849866667,0.050666667,-0.164,Negative
RAKLNDVCANDYCQI,E-10544,0.018,-0.332,-0.007333333,-0.077333333,0.698666667,NA,-4.616,-0.214666667,-0.343333333,-0.860466667,0.148,-0.292666667,Negative
VCANDYCQIPFNLKI,E-10544,-0.211333333,-0.262,-0.082666667,0.048,-0.468666667,NA,-4.305333333,0.150666667,0.924666667,-0.816133333,-0.174666667,-0.275333333,Negative
ADVDVVVVPTRELRN,E-10565,-0.127333333,-0.37,-0.088,-0.179333333,0.217333333,NA,-4.694,-0.148,-0.249333333,-0.9068,0.146666667,-0.488,Negative
SITQADVDVVVVPTR,E-10565,-0.194666667,-0.460666667,-0.048,-0.112666667,-0.076,NA,-5.284666667,-0.042666667,-0.044666667,-1.0034,0.018,-0.582,Negative
SRSITQADVDVVVVP,E-10565,-0.194,-0.472666667,-0.034666667,-0.076,0.033333333,-0.737533333,-5.382666667,-0.064666667,-0.216,-1.0222,0.061333333,-0.596666667,Negative
TQADVDVVVVPTREL,E-10565,-0.156666667,-0.436666667,-0.156,-0.284,-0.054,NA,-4.999333333,-0.070666667,-0.134666667,-0.958533333,0.064,-0.501333333,Negative
VDVVVVPTRELRNAW,E-10565,-0.19,-0.244,-0.052666667,-0.198,-0.338666667,NA,-4.002,0.028666667,0.68,-0.789466667,-0.062,-0.428666667,Negative
VVVVPTRELRNAWRR,E-10565,-0.083333333,-0.072,0.155333333,-0.158,0.038,NA,-3.27,-0.141333333,0.412666667,-0.661333333,0.044666667,-0.398666667,Negative
AAELMQEGRTLLKPD,E-1057,-0.111333333,-0.332,-0.050666667,-0.451333333,0.246,NA,-4.88,-0.136,-1.191333333,-0.907933333,0.309333333,-0.369333333,Negative
ELMQEGRTLLKPDDV,E-1057,0.016666667,-0.318666667,-0.168,-0.254,0.306666667,NA,-4.366666667,-0.182,-1.282666667,-0.837,0.326666667,-0.331333333,Negative
GKKTAAELMQEGRTL,E-1057,-0.056,-0.350666667,0.160666667,-0.466,0.716,NA,-5.215333333,-0.278666667,-1.726,-0.949733333,0.386666667,-0.392,Negative
KTAAELMQEGRTLLK,E-1057,-0.057333333,-0.282,0.112,-0.632666667,0.294,NA,-4.8,-0.174666667,-0.962,-0.881866667,0.236,-0.420666667,Negative
RAGKKTAAELMQEGR,E-1057,-0.033333333,-0.318666667,0.238666667,-0.503333333,1.202,NA,-5.117333333,-0.434666667,-2.169333333,-0.931333333,0.540666667,-0.367333333,Negative
CAFQSTVAELQRLKM,E-1058,-0.148666667,-0.248,0.047333333,-0.591333333,-0.089333333,NA,-4.572666667,-0.017333333,0.366666667,-0.853133333,-0.040666667,-0.387333333,Negative
ELQRLKMKVGKTREL,E-1058,0.070666667,-0.118,0.169333333,-0.499333333,0.426666667,NA,-3.736,-0.297333333,-0.998,-0.717266667,0.280666667,-0.4,Negative
FQSTVAELQRLKMKV,E-1058,-0.074666667,-0.188,0.071333333,-0.567333333,-0.181333333,NA,-4.039333333,-0.066666667,0.068666667,-0.773733333,0.026666667,-0.395333333,Negative
STVAELQRLKMKVGK,E-1058,-0.088666667,-0.26,0.234666667,-0.447333333,0.272666667,NA,-4.752,-0.195333333,-0.831333333,-0.884866667,0.194666667,-0.520666667,Negative
VAELQRLKMKVGKTR,E-1058,-0.062666667,-0.163333333,0.262666667,-0.486666667,0.348,NA,-4.240666667,-0.248666667,-0.712666667,-0.799266667,0.206,-0.482,Negative
IELDSATDVGRACAG,E-10606,-0.232,-0.556666667,0.032,-0.21,0.842,NA,-6.394,-0.156,-1.158666667,-1.151333333,0.232,-0.484,Negative
LDSATDVGRACAGCR,E-10606,-0.215333333,-0.506666667,0.188666667,-0.042,1.184666667,NA,-6.383333333,-0.248,-1.135333333,-1.146066667,0.226,-0.498,Negative
RACAGCRVTPGVVQY,E-10606,-0.366666667,-0.360666667,0.217333333,0.099333333,0.255333333,NA,-5.552666667,-0.058,0.036666667,-1.021666667,-0.043333333,-0.438666667,Negative
SATDVGRACAGCRVT,E-10606,-0.262,-0.520666667,0.286666667,-0.043333333,1.082,NA,-6.570666667,-0.234,-0.876,-1.1768,0.154,-0.561333333,Negative
TDVGRACAGCRVTPG,E-10606,-0.338,-0.508666667,0.256,0.241333333,0.932666667,NA,-6.515333333,-0.198,-1.199333333,-1.176666667,0.208,-0.508666667,Negative
VGRACAGCRVTPGVV,E-10606,-0.564666667,-0.464,0.279333333,0.086666667,0.272,NA,-6.59,0.002666667,0.046666667,-1.196533333,-0.058666667,-0.610666667,Negative
FENEYDVIYLKPLAG,E-10623,-0.154666667,-0.246666667,-0.200666667,-0.037333333,-0.544666667,NA,-3.798666667,0.132666667,-0.008,-0.731666667,-0.022666667,-0.129333333,Negative
NEYDVIYLKPLAGVY,E-10623,-0.206666667,-0.243333333,-0.118666667,0.116,-0.812666667,NA,-3.882,0.201333333,0.426666667,-0.743466667,-0.164666667,-0.198,Negative
SGFENEYDVIYLKPL,E-10623,-0.063333333,-0.250666667,-0.183333333,0.120666667,-0.401333333,NA,-3.687333333,0.078,-0.306,-0.717733333,0.028,-0.134,Negative
VIYLKPLAGVYRSLK,E-10623,-0.350666667,-0.142,0.180666667,-0.017333333,-1.058,NA,-4.146,0.252,0.884,-0.784533333,-0.286,-0.446666667,Negative
YDVIYLKPLAGVYRS,E-10623,-0.243333333,-0.182,0.05,0.205333333,-0.829333333,NA,-3.852666667,0.203333333,0.601333333,-0.7358,-0.240666667,-0.291333333,Negative
NRRPQDVKFPGGGQI,E-10634,-0.098,-0.3,0.111333333,0.513333333,0.799333333,-0.5268,-4.605333333,-0.318666667,-2.421333333,-0.8872,0.566666667,-0.202666667,Negative
NTNRRPQDVKFPGGG,E-10634,-0.006,-0.357333333,0.174666667,0.686666667,1.195333333,-0.639133333,-4.828,-0.428,-3.055333333,-0.920666667,0.704666667,-0.191333333,Negative
QDVKFPGGGQIVGGV,E-10634,-0.456,-0.51,0.029333333,0.366666667,0.165333333,NA,-6.184666667,0.003333333,-1.557333333,-1.147133333,0.235333333,-0.328666667,Negative
RPQDVKFPGGGQIVG,E-10634,-0.331333333,-0.399333333,0.067333333,0.470666667,0.325333333,NA,-5.411333333,-0.117333333,-1.954,-1.022533333,0.38,-0.284666667,Negative
VKFPGGGQIVGGVYL,E-10634,-0.614,-0.400666667,0.092,0.382,-0.671333333,NA,-5.828,0.275333333,-0.26,-1.077066667,-0.110666667,-0.340666667,Negative
FPGGGQIVGGVYLLP,E-10636,-0.701333333,-0.403333333,0.014,0.522,-1.047333333,NA,-5.896666667,0.408,-0.134,-1.092933333,-0.146666667,-0.318,Positive
NRRPQDVKFPGGGQI,E-10636,-0.098,-0.3,0.111333333,0.513333333,0.799333333,-0.5268,-4.605333333,-0.318666667,-2.421333333,-0.8872,0.566666667,-0.202666667,Positive
NTNRRPQDVKFPGGG,E-10636,-0.006,-0.357333333,0.174666667,0.686666667,1.195333333,NA,-4.828,-0.428,-3.055333333,-0.920666667,0.704666667,-0.191333333,Positive
QDVKFPGGGQIVGGV,E-10636,-0.456,-0.51,0.029333333,0.366666667,0.165333333,NA,-6.184666667,0.003333333,-1.557333333,-1.147133333,0.235333333,-0.328666667,Positive
RPQDVKFPGGGQIVG,E-10636,-0.331333333,-0.399333333,0.067333333,0.470666667,0.325333333,NA,-5.411333333,-0.117333333,-1.954,-1.022533333,0.38,-0.284666667,Positive
VKFPGGGQIVGGVYL,E-10636,-0.614,-0.400666667,0.092,0.382,-0.671333333,NA,-5.828,0.275333333,-0.26,-1.077066667,-0.110666667,-0.340666667,Positive
KKRKYFLDVLESDLM,E-10659,0.059333333,-0.108,-0.01,-0.291333333,-0.079333333,NA,-3.188666667,-0.076666667,-0.221333333,-0.6248,0.051333333,-0.285333333,Negative
LDVLESDLMQFKHIS,E-10659,-0.033333333,-0.276666667,-0.170666667,-0.406,-0.268666667,NA,-4.044,0.084,0.302666667,-0.7752,-0.012666667,-0.305333333,Negative
RKYFLDVLESDLMQF,E-10659,-0.025333333,-0.109333333,-0.207333333,-0.291333333,-0.549333333,NA,-3.010666667,0.116666667,0.631333333,-0.603,-0.136,-0.146666667,Negative
VLESDLMQFKHISSN,E-10659,0.042,-0.312,-0.048666667,-0.245333333,0.114,NA,-4.246,-0.040666667,-0.270666667,-0.8084,0.134666667,-0.307333333,Negative
YFLDVLESDLMQFKH,E-10659,-0.034,-0.158666667,-0.248666667,-0.333333333,-0.619333333,NA,-3.093333333,0.186,0.828666667,-0.614066667,-0.155333333,-0.076,Negative
KIRANELDVLKKLVF,E-10661,-0.139333333,-0.144666667,0.038,-0.508666667,-0.357333333,NA,-3.839333333,0.016,0.416666667,-0.739666667,-0.034666667,-0.424,Negative
LDVLKKLVFGYRKPL,E-10661,-0.282,-0.08,0.092666667,-0.078,-0.953333333,NA,-3.64,0.198666667,0.608666667,-0.710133333,-0.196666667,-0.374,Negative
NELDVLKKLVFGYRK,E-10661,-0.050666667,-0.129333333,0.048666667,-0.166666667,-0.146666667,NA,-3.517333333,-0.051333333,-0.186,-0.686266667,0.038,-0.270666667,Negative
RANELDVLKKLVFGY,E-10661,-0.154666667,-0.186666667,0.002666667,-0.248,-0.283333333,NA,-3.952,0.036666667,0.14,-0.756133333,-0.032666667,-0.285333333,Negative
VLKKLVFGYRKPLDN,E-10661,-0.167333333,-0.12,0.11,0.067333333,-0.464666667,NA,-3.656,0.042,-0.100666667,-0.714266667,-0.002,-0.315333333,Negative
GEPDVLLLDEPTNGL,E-10663,-0.192,-0.478666667,-0.256666667,0.12,-0.063333333,NA,-5.385333333,0.016666667,-1.417333333,-1.016266667,0.296666667,-0.345333333,Negative
LFGEPDVLLLDEPTN,E-10663,-0.19,-0.38,-0.328,0.008666667,-0.481333333,NA,-4.645333333,0.131333333,-0.586666667,-0.8946,0.132,-0.274,Negative
PDVLLLDEPTNGLDI,E-10663,-0.192,-0.438666667,-0.302,0.109333333,-0.401333333,NA,-5.069333333,0.116666667,-0.699333333,-0.9642,0.147333333,-0.394,Negative
QSLFGEPDVLLLDEP,E-10663,-0.192,-0.374,-0.341333333,-0.062,-0.458666667,NA,-4.635333333,0.111333333,-0.696,-0.898333333,0.147333333,-0.278,Negative
VLLLDEPTNGLDIPA,E-10663,-0.322666667,-0.43,-0.214666667,-0.033333333,-0.650666667,NA,-5.366666667,0.203333333,-0.265333333,-1.0072,0.049333333,-0.45,Negative
FSVLRANDVLWLSLT,E-10669,-0.234,-0.208666667,-0.030666667,-0.219333333,-0.970666667,NA,-4.136,0.322666667,1.446,-0.7926,-0.338666667,-0.405333333,Negative
NDVLWLSLTAAEYDQ,E-10669,0.006666667,-0.339333333,-0.221333333,-0.256666667,-0.189333333,-0.167066667,-4.185333333,0.054,-0.075333333,-0.796733333,0.019333333,-0.212666667,Negative
RANDVLWLSLTAAEY,E-10669,-0.122666667,-0.268666667,-0.042666667,-0.353333333,-0.320666667,NA,-4.267333333,0.106666667,0.436,-0.799533333,-0.084,-0.303333333,Negative
VLRANDVLWLSLTAA,E-10669,-0.332666667,-0.287333333,0.011333333,-0.467333333,-0.816666667,NA,-4.887333333,0.286,1.286666667,-0.908733333,-0.276,-0.5,Negative
VLWLSLTAAEYDQST,E-10669,-0.060666667,-0.339333333,-0.093333333,-0.3,-0.448666667,NA,-4.461333333,0.129333333,0.252666667,-0.837333333,-0.116,-0.321333333,Negative
WLSLTAAEYDQSTYG,E-10669,0.028,-0.351333333,-0.048666667,0.008,-0.023333333,NA,-4.346666667,0.015333333,-0.638,-0.809133333,0.034,-0.161333333,Negative
DDVMDGVASMIHEVG,E-10674,-0.218666667,-0.545333333,-0.168,-0.246666667,0.459333333,NA,-5.718666667,-0.027333333,-0.594,-1.048533333,0.18,-0.403333333,Negative
KPDDVMDGVASMIHE,E-10674,-0.107333333,-0.47,-0.129333333,-0.18,0.537333333,-0.477866667,-5.133333333,-0.128,-1.137333333,-0.9536,0.333333333,-0.378666667,Negative
LLKPDDVMDGVASMI,E-10674,-0.334666667,-0.422666667,-0.12,-0.194666667,-0.405333333,NA,-5.448,0.160666667,-0.040666667,-1.0068,-0.001333333,-0.549333333,Negative
RTLLKPDDVMDGVAS,E-10674,-0.137333333,-0.422,-0.012,-0.020666667,0.328666667,NA,-5.275333333,-0.112,-1.139333333,-0.982933333,0.24,-0.495333333,Negative
VMDGVASMIHEVGIE,E-10674,-0.352,-0.466,-0.112666667,-0.469333333,-0.123333333,NA,-5.584,0.132,0.386,-1.021866667,-0.025333333,-0.462666667,Negative
EDVNIKFTEGNCYGL,E-10682,-0.011333333,-0.378,-0.116,0.105333333,0.450666667,NA,-4.600666667,-0.113333333,-0.870666667,-0.861666667,0.181333333,-0.161333333,Negative
GDRKLFEDVNIKFTE,E-10682,0.112,-0.248666667,-0.122,-0.151333333,0.595333333,NA,-3.668666667,-0.238,-1.191333333,-0.714266667,0.310666667,-0.161333333,Negative
LFEDVNIKFTEGNCY,E-10682,-0.009333333,-0.279333333,-0.187333333,-0.006,0.032666667,NA,-3.860666667,0.001333333,-0.04,-0.74,0.016666667,-0.09,Negative
RKLFEDVNIKFTEGN,E-10682,0.1,-0.227333333,-0.054,-0.114,0.533333333,NA,-3.666666667,-0.227333333,-1.076,-0.713,0.308,-0.159333333,Negative
VNIKFTEGNCYGLIG,E-10682,-0.262,-0.352666667,0.037333333,0.212,-0.144666667,NA,-5.079333333,0.113333333,-0.031333333,-0.934533333,-0.061333333,-0.266,Negative
HSSQISMDVNKSAQL,E-10683,0.111333333,-0.435333333,0.105333333,-0.146666667,0.765333333,NA,-5.088,-0.252666667,-1.34,-0.947266667,0.372,-0.406666667,Positive
HSSQISMDVNKSAQL,E-10683,0.111333333,-0.435333333,0.105333333,-0.146666667,0.765333333,NA,-5.088,-0.252666667,-1.34,-0.947266667,0.372,-0.406666667,Negative
ISMDVNKSAQLLDIL,E-10683,-0.156,-0.357333333,-0.080666667,-0.344666667,-0.399333333,NA,-5.006,0.118666667,0.287333333,-0.932,-0.042666667,-0.528,Positive
ISMDVNKSAQLLDIL,E-10683,-0.156,-0.357333333,-0.080666667,-0.344666667,-0.399333333,NA,-5.006,0.118666667,0.287333333,-0.932,-0.042666667,-0.528,Negative
MDVNKSAQLLDILSR,E-10683,-0.04,-0.312,-0.002666667,-0.281333333,0.094666667,NA,-4.707333333,-0.064,-0.337333333,-0.8836,0.122,-0.482,Positive
MDVNKSAQLLDILSR,E-10683,-0.04,-0.312,-0.002666667,-0.281333333,0.094666667,NA,-4.707333333,-0.064,-0.337333333,-0.8836,0.122,-0.482,Negative
SQISMDVNKSAQLLD,E-10683,0.046,-0.430666667,-0.04,-0.204,0.421333333,NA,-5.126666667,-0.165333333,-1.103333333,-0.958266667,0.277333333,-0.451333333,Positive
SQISMDVNKSAQLLD,E-10683,0.046,-0.430666667,-0.04,-0.204,0.421333333,NA,-5.126666667,-0.165333333,-1.103333333,-0.958266667,0.277333333,-0.451333333,Negative
VNKSAQLLDILSRNE,E-10683,0.065333333,-0.328666667,0.004666667,-0.247333333,0.43,NA,-4.635333333,-0.199333333,-0.902666667,-0.878066667,0.282,-0.417333333,Positive
VNKSAQLLDILSRNE,E-10683,0.065333333,-0.328666667,0.004666667,-0.247333333,0.43,NA,-4.635333333,-0.199333333,-0.902666667,-0.878066667,0.282,-0.417333333,Negative
KPPKYHPDVPYVKRV,E-10700,-0.09,-0.141333333,0.150666667,0.543333333,-0.176666667,NA,-3.139333333,-0.145333333,-1.205333333,-0.645466667,0.303333333,-0.238666667,Negative
PDVPYVKRVKTWRMH,E-10700,-0.013333333,-0.054666667,0.160666667,0.158,-0.134666667,NA,-2.696666667,-0.090666667,-0.062666667,-0.556533333,0.096666667,-0.245333333,Negative
PKYHPDVPYVKRVKT,E-10700,-0.009333333,-0.157333333,0.18,0.423333333,-0.016,NA,-3.196666667,-0.182666667,-1.084,-0.646266667,0.257333333,-0.248666667,Negative
VPYVKRVKTWRMHLF,E-10700,-0.142666667,0.065333333,0.177333333,-0.101333333,-0.856,NA,-2.305333333,0.163333333,1.467333333,-0.482466667,-0.267333333,-0.222666667,Negative
YHPDVPYVKRVKTWR,E-10700,0.062,-0.028666667,0.152666667,0.343333333,-0.114,NA,-2.286,-0.117333333,-0.194,-0.4898,0.084666667,-0.134,Negative
EDVQFADSRIRPQTI,E-10704,0.094,-0.288666667,-0.111333333,-0.108666667,0.582666667,NA,-3.958666667,-0.277333333,-1.155333333,-0.774133333,0.34,-0.265333333,Negative
